{"minzoom":0,"maxzoom":8,"center":[175.078125,-37.15824,8.0],"bounds":[166.430237,-48.036629,178.582382,-34.134029]}