{"minzoom":0,"maxzoom":9,"center":[174.726563,-36.879103,9.0],"bounds":[166.430237,-48.036629,178.582382,-34.134029]}